S.no,URLs
1,https://www.yamaha-motor-india.com/
2,https://www.yamaha-motor-india.com/privacy-index.html
3,https://www.yamaha-motor-india.com/two-wheeler.html
4,https://www.yamaha-motor-india.com/yamaha-r15m.html
5,https://www.yamaha-motor-india.com/yamaha-r15m-60th-anniversary.html
6,https://www.yamaha-motor-india.com/yamaha-r15v4.html
7,https://www.yamaha-motor-india.com/yamaha-motogp-editions.html
8,https://www.yamaha-motor-india.com/yamaha-r15s.html
9,https://www.yamaha-motor-india.com/yamaha-mt-15-v2.html
10,https://www.yamaha-motor-india.com/yamaha-fzs25.html
11,https://www.yamaha-motor-india.com/yamaha-fz25.html
12,https://www.yamaha-motor-india.com/yamaha-fzx.html
13,https://www.yamaha-motor-india.com/yamaha-fzs-fi.html
14,https://www.yamaha-motor-india.com/yamaha-fz-fi.html
15,https://www.yamaha-motor-india.com/yamaha-scooters.html
16,https://www.yamaha-motor-india.com/yamaha-aerox.html
17,https://www.yamaha-motor-india.com/yamaha-ray-zrstreetrally125fihybrid.html
18,https://www.yamaha-motor-india.com/yamaha-ray-zr125fihybrid.html
19,https://www.yamaha-motor-india.com/yamaha-fascino125fi-new.html
20,https://www.yamaha-motor-india.com/dealer-network.html
21,https://www.yamaha-motor-india.com/yamaha-buyersguide.html
22,https://www.yamaha-motor-india.com/service-home.html
23,https://www.yamaha-motor-india.com/service-tcs.html
24,https://www.yamaha-motor-india.com/extended-warranty.html
25,https://www.yamaha-motor-india.com/service-maintenance.html
26,https://www.yamaha-motor-india.com/service-rpit.html
27,https://www.yamaha-motor-india.com/service-schedule.html
28,https://www.yamaha-motor-india.com/service-campaign.html
29,https://www.yamaha-motor-india.com/service-labour.html
30,https://www.yamaha-motor-india.com/service-standardfitmentkit.html
31,https://www.yamaha-motor-india.com/service-camp.html
32,https://www.yamaha-motor-india.com/service-training.html
33,https://www.yamaha-motor-india.com/service-rsa-contest.html
34,https://www.yamaha-motor-india.com/service-rsa-skill.html
35,https://www.yamaha-motor-india.com/mileage-champions.html
36,https://www.yamaha-motor-india.com/spare-parts.html
37,https://www.yamaha-motor-india.com/events-home.html
38,https://www.yamaha-motor-india.com/about-yamaha.html
39,https://www.yamaha-motor-india.com/video-home.html
40,https://www.yamaha-motor-india.com/contact-businesspartner.html
41,https://www.yamaha-motor-india.com/contact-us.html
42,https://www.yamaha-motor-india.com/downloads-brochure.html
43,http://shop.yamaha-motor-india.com/
44,https://www.yamaha-motor-india.com/yamaha-motogpedition.html
45,https://www.yamaha-motor-india.com/yamaha-bikes.html
46,https://www.yamaha-motor-india.com/news-monster-energy-yamaha-moto-gp-edition-2022.html
47,https://www.yamaha-motor-india.com/news-quartararo-reigns-victorious.html
48,https://www.yamaha-motor-india.com/news-quartararo-rides-to-masterful-second-place-at-mugello.html
49,https://www.yamaha-motor-india.com/news-quartararo-pushes-to-fourth-place-in-french-gp.html
50,https://www.yamaha-motor-india.com/yamaha-whatsnew.html
51,https://www.yamaha-motor-india.com/thecalloftheblue-campaign.html
52,https://www.yamaha-motor-india.com/aboutus-manufacturing.html
53,https://www.yamaha-motor-india.com/about-foundinghistory.html
54,https://www.yamaha-motor-india.com/racing-index.html
55,https://www.yamaha-motor-india.com/bluetooth-connect.html
56,https://www.yamaha-motor-india.com/news-latest.html
57,https://www.yamaha-motor-india.com/yamaha-announcement-beware-of-fake-facebook-account.html
58,https://www.yamaha-motor-india.com/yamaha-dealers.html
59,https://www.yamaha-motor-india.com/yamaha-virtualstore.html
60,https://www.yamaha-motor-india.com/yamaha-bluesquare.html
61,https://www.yamaha-motor-india.com/yamaha-model-comparison.html
62,https://www.yamaha-motor-india.com/yamaha-gettingstarted.html
63,https://www.yamaha-motor-india.com/service-customereducation.html
64,https://www.yamaha-motor-india.com/consumable-parts.html
65,https://www.yamaha-motor-india.com/parts-yamalube.html
66,https://www.yamaha-motor-india.com/parts-helmet.html
67,https://www.yamaha-motor-india.com/trackday-campaign.html
68,https://www.yamaha-motor-india.com/thecalloftheblue-weekend.html
69,https://www.yamaha-motor-india.com/bluestreak-campaign.html
70,https://www.yamaha-motor-india.com/presskit-index.html
71,https://www.yamaha-motor-india.com/presskit-images.html
72,https://www.yamaha-motor-india.com/about-companyprofile.html
73,https://www.yamaha-motor-india.com/corporate-governance.html
74,https://www.yamaha-motor-india.com/awards-index.html
75,https://www.yamaha-motor-india.com/about-manufacturingprocess.html
76,https://www.yamaha-motor-india.com/yamaha-productenquiry.html
77,https://www.yamaha-motor-india.com/contact-feedback.html
78,https://www.yamaha-motor-india.com/contact-salesenquiry.html
79,https://www.yamaha-motor-india.com/career-home.html
80,https://www.yamaha-motor-india.com/career-index.html
81,https://www.yamaha-motor-india.com/career-whyjoinyamaha.html
82,https://www.yamaha-motor-india.com/career-functions.html
83,https://www.yamaha-motor-india.com/career-currentopenings.html
84,https://www.yamaha-motor-india.com/career-campusrecruitment.html
85,https://www.yamaha-motor-india.com/career-disclaimer.html
86,https://www.yamaha-motor-india.com/terms-index.html
87,https://www.yamaha-motor-india.com/sitemap-index.html
88,http://shop.yamaha-motor-india.com/?_ga=2.99127704.727021827.1634542815-629947805.1595072213
89,https://shop.yamaha-motor-india.com/products/quick-shift-system
90,https://shop.yamaha-motor-india.com/collections/r15v4-r15vm-accessories/products/buy-r15v4-clutch-brake-lever
91,https://shop.yamaha-motor-india.com/collections/r15v4-r15vm-accessories/products/frame-slider
92,https://shop.yamaha-motor-india.com/collections/r15v4-r15vm-accessories/products/lever-guard
93,https://shop.yamaha-motor-india.com/collections/r15v4-r15vm-accessories/products/buy-r15v4-mobile-charger
94,https://shop.yamaha-motor-india.com/collections/r15v4-r15vm-accessories/products/seat-cover
95,https://shop.yamaha-motor-india.com/collections/r15v4-r15vm-accessories/products/skid-plate
96,https://shop.yamaha-motor-india.com/collections/r15v4-r15vm-accessories/products/buy-r15v4-tank-pad
97,https://shop.yamaha-motor-india.com/products/yamaha-blue-backpack
98,https://shop.yamaha-motor-india.com/products/buy-r15-m
99,https://www.yamaha-motor-india.com/service-standardfitmentkit-r15m.html
100,https://www.yamaha-motor-india.com/service-schedule-r15m.html
101,https://shop.yamaha-motor-india.com/products/buy-r15edition
102,https://www.yamaha-motor-india.com/service-standardfitmentkit-r15edition.html
103,https://www.yamaha-motor-india.com/service-schedule-r15edition.html
104,https://shop.yamaha-motor-india.com/products/buy-r15-v4
105,https://www.yamaha-motor-india.com/service-standardfitmentkit-r15v4.html
106,https://www.yamaha-motor-india.com/service-schedule-r15v4.html
107,https://shop.yamaha-motor-india.com/products/buy-motogp-editions
108,https://shop.yamaha-motor-india.com/products/led-flasher
109,https://shop.yamaha-motor-india.com/products/yzf-r15-ver-3-0-tank-pad
110,https://shop.yamaha-motor-india.com/collections/yzf-r15-accessories/products/mt-15-skid-plate
111,https://shop.yamaha-motor-india.com/collections/yzf-r15-accessories/products/mobile-charger
112,https://shop.yamaha-motor-india.com/collections/premium-bikes/products/buy-r15s
113,https://www.yamaha-motor-india.com/service-standardfitmentkit-r15s.html
114,https://www.yamaha-motor-india.com/service-schedule-r15s.html
115,https://shop.yamaha-motor-india.com/products/mt-15-tank-pad
116,https://shop.yamaha-motor-india.com/products/mt-15-seat-cover
117,https://shop.yamaha-motor-india.com/products/mt-15-skid-plate
118,https://shop.yamaha-motor-india.com/products/usb-charger-all-sports
119,https://shop.yamaha-motor-india.com/products/mobile-holder
120,https://shop.yamaha-motor-india.com/collections/apparels/products/yamaha-mt-t-shirt?variant=32749711425663
121,https://shop.yamaha-motor-india.com/products/mt-15-sticker
122,https://shop.yamaha-motor-india.com/collections/mt-15-accessories/products/mt-black-biking-jacket-1
123,https://shop.yamaha-motor-india.com/collections/mt-15-accessories/products/yamaha-black-biking-jacket-1
124,https://shop.yamaha-motor-india.com/collections/premium-bikes/products/mt-15-ver-2
125,https://www.yamaha-motor-india.com/service-standardfitmentkit-mt15v2.html
126,https://www.yamaha-motor-india.com/service-schedule-mt15v2.html
127,https://shop.yamaha-motor-india.com/products/tail-bag
128,https://shop.yamaha-motor-india.com/products/tank-bag
129,https://shop.yamaha-motor-india.com/collections/fzs-25-fz-25-accessories/products/engine-guard
130,https://shop.yamaha-motor-india.com/products/fz25-fzs25-bike-cover
131,https://shop.yamaha-motor-india.com/products/fz25-fzs25-seat-cover
132,https://shop.yamaha-motor-india.com/products/fz25-fzs25-tank-pad
133,https://shop.yamaha-motor-india.com/collections/premium-bikes/products/buy-fzs-25
134,https://www.yamaha-motor-india.com/service-standardfitmentkit-fzs25bs6.html
135,https://www.yamaha-motor-india.com/service-schedule-fzs25bs6.html
136,https://shop.yamaha-motor-india.com/collections/premium-bikes/products/buy-fz-25
137,https://www.yamaha-motor-india.com/service-standardfitmentkit-fz25bs6.html
138,https://www.yamaha-motor-india.com/service-schedule-fz25bs6.html
139,https://shop.yamaha-motor-india.com/products/buy-fzx
140,https://www.yamaha-motor-india.com/ride-aeroxfzx.html
141,https://shop.yamaha-motor-india.com/collections/fz-x-accessories/products/fzx-bike-cover
142,https://shop.yamaha-motor-india.com/collections/fz-x-accessories/products/fzx-engine-guard
143,https://shop.yamaha-motor-india.com/collections/fz-x-accessories/products/fzx-led-flasher
144,https://shop.yamaha-motor-india.com/collections/fz-x-accessories/products/fzx-rear-footrest
145,https://shop.yamaha-motor-india.com/collections/fz-x-accessories/products/fzx-seat-cover
146,https://shop.yamaha-motor-india.com/collections/fz-x-accessories/products/fzx-tank-pad
147,https://shop.yamaha-motor-india.com/products/black-riding-gloves-leather
148,https://shop.yamaha-motor-india.com/products/brown-leather-riding-gloves
149,https://shop.yamaha-motor-india.com/collections/motorcycle/products/buy-fzx
150,https://www.yamaha-motor-india.com/mileage-promotion.html
151,https://www.yamaha-motor-india.com/service-standardfitmentkit-fzx.html
152,https://www.yamaha-motor-india.com/service-schedule-fzx.html
153,https://www.yamaha-motor-india.com/yamaha-fzs-fi-yamaha-motorcycle-connectx.html
154,https://shop.yamaha-motor-india.com/products/knee-pad-black-grey
155,https://shop.yamaha-motor-india.com/products/knee-pad-blue-grey
156,https://shop.yamaha-motor-india.com/products/tank-pad-black-grey-1
157,https://shop.yamaha-motor-india.com/products/tank-pad-blue-grey
158,https://shop.yamaha-motor-india.com/products/visor
159,https://shop.yamaha-motor-india.com/products/fzs-fi-fz-fi-rear-footrest
160,https://shop.yamaha-motor-india.com/collections/fzs-fi-fz-fi-accessories/products/usb-charger-all-sports
161,https://shop.yamaha-motor-india.com/collections/fzs-fi-fz-fi-accessories/products/fzs-fi-fz-fi-engine-guard
162,https://shop.yamaha-motor-india.com/products/fzs-fi-fz-fi-seat-cover
163,https://shop.yamaha-motor-india.com/products/fz-s-fi
164,https://www.yamaha-motor-india.com/service-standardfitmentkit-fzsfibs6.html
165,https://www.yamaha-motor-india.com/service-schedule-fzsfibs6.html
166,https://shop.yamaha-motor-india.com/collections/motorcycle/products/fz-fi-new
167,https://www.yamaha-motor-india.com/service-standardfitmentkit-fz-fi.html
168,https://www.yamaha-motor-india.com/service-schedule-fz-fi.html
169,https://shop.yamaha-motor-india.com/products/buy-aerox-155
170,https://shop.yamaha-motor-india.com/products/buy-rayzr-street-rally-125-fi-hybrid
171,https://shop.yamaha-motor-india.com/products/buy-rayzr-125-fi-hybrid
172,https://shop.yamaha-motor-india.com/products/buy-fascino-125-fi-hybrid
173,https://shop.yamaha-motor-india.com/products/knuckle-guard
174,https://www.yamaha-motor-india.com/service-standardfitmentkit-aerox.html
175,https://www.yamaha-motor-india.com/service-schedule-aerox.html
176,https://www.yamaha-motor-india.com/service-standardfitmentkit-ray-zr-streetrally125fihybrid.html
177,https://www.yamaha-motor-india.com/service-schedule-ray-zr-streetrally125fihybrid.html
178,https://www.yamaha-motor-india.com/yamaha-testrides-dealers.html
179,https://www.yamaha-motor-india.com/service-standardfitmentkit-ray-zr125fi-hybrid.html
180,https://www.yamaha-motor-india.com/service-schedule-ray-zr125fi-hybrid.html
181,https://www.yamaha-motor-india.com/service-standardfitmentkit-fascino125fi-new.html
182,https://www.yamaha-motor-india.com/service-schedule-fascino125fi-new.html
183,https://www.yamaha-motor-india.com/yamaha-service-centre.html
184,https://www.yamaha-motor-india.com/yamaha-rpit-dealers.html
185,https://www.yamaha-motor-india.com/mileage-gallery.html
186,https://www.yamaha-motor-india.com/policy-antibribery.html
187,https://www.yamaha-motor-india.com/news-quartararo-extends-championship-lead-with-spanish-gp-second-place.html
188,https://www.yamaha-motor-india.com/news-kochi-blue-square.html
189,https://www.yamaha-motor-india.com/news-quartararo-powers-to-perfect-portuguese-gp-victory.html
190,https://www.yamaha-motor-india.com/news-yamaha-blue-square-dealers.html
191,https://www.yamaha-motor-india.com/news-yamaha-mt-15-version-2.0.html
192,https://www.yamaha-motor-india.com/news-yamaha-launches-yzf-r15m-world-gp-60th-anniversary-edition.html
193,https://www.yamaha-motor-india.com/news-yamaha-opens-2nd-blue-square-premium-outlet-in-coimbatore-erode.html
194,https://www.yamaha-motor-india.com/news-yamaha-fzs-25-set-to-flare-up-the-touring-roads-with-new-colours.html
195,https://www.yamaha-motor-india.com/news-yamaha-launches-fzs-fi-models-with-refreshed-styling-for-2022.html
196,https://www.yamaha-motor-india.com/news-yamaha-launches-the-all-new-yzf-r15s-v3-with-a-unibody-seat.html
197,https://www.yamaha-motor-india.com/news-monster-energy-yamaha-motogp-close-motogp-2021-season-with-5th-and-11th-place.html
198,https://www.yamaha-motor-india.com/news-disappointing-end-to-algarve-gp-for-monster-energy-yamaha-motogp.html
199,https://www.yamaha-motor-india.com/news-quartararo-speeds-to-superb-second-place-in-cota-race.html
200,https://www.yamaha-motor-india.com/news-yamaha-recreates-the-racing-spirit-with-the-new-yzf-r15-v4-yzf-r15m.html
201,https://www.yamaha-motor-india.com/news-yamaha-launches-the-iconic-aerox-155-maxi-sports-scooter.html
202,https://www.yamaha-motor-india.com/news-quartararo-secures-superb-second-place-in-san-marino-gp-nail-biter.html
203,https://www.yamaha-motor-india.com/news-quartararo-takes-eighth-at-tough-aragon-grand-prix.html
204,https://www.yamaha-motor-india.com/news-quartararo-delivers-magical-monster-energy-british-grand-prix-victory.html
205,https://www.yamaha-motor-india.com/news-quartararo-salvages-seventh-place-in-manic-mixed-austrian-gp.html
206,https://www.yamaha-motor-india.com/news-quartararo-scores-third-place-in-re-started-styrian-gp-race.html
207,https://www.yamaha-motor-india.com/news-yamaha-fz25-gets-a-sporty-edge-with-monster-energy-yamaha-moto-gp-edition.html
208,https://www.yamaha-motor-india.com/news-double-delight-for-monster-energy-yamaha-motogp-at-the-dutch-gp.html
209,https://www.yamaha-motor-india.com/news-quartararo-takes-third-in-tricky-sachsenring-race.html
210,https://www.yamaha-motor-india.com/news-yamaha-launches-new-hybrid-powered-fascino-125-fi.html
211,https://www.yamaha-motor-india.com/news-yamaha-launches-neo-retro-motorcycle-fz-x-with-the-concept-of-ride-free.html
212,https://www.yamaha-motor-india.com/news-monster-energy-yamaha-motogp-take-fourth-and-sixth-in-catalan-gp.html
213,https://www.yamaha-motor-india.com/news-new-price-for-fz25-series.html
214,https://www.yamaha-motor-india.com/news-quartararo-gives-masterclass-in-emotional-mugello-race.html
215,https://www.yamaha-motor-india.com/news-benefits-extended-on-service-and-warranty-till-30th-june.html
216,https://www.yamaha-motor-india.com/news-monster-energy-yamaha-motogp-team-salvage-points-in-tough-spanish-gp.html
217,https://www.yamaha-motor-india.com/news-conqueror-quartararo-claims-second-consecutive-victory-at-portuguese-gp.html
218,https://www.yamaha-motor-india.com/news-quartararo-makes-it-a-double-victory-for-monster-energy-yamaha-motogp-in-doha.html
219,https://www.yamaha-motor-india.com/news-yzf-r15-version-3.0-all-set-to-adorn-the-Indian-roads-in-metallic-red-colour.html
220,https://www.yamaha-motor-india.com/news-vinales-victorious-with-quartararo-fifth-in-opening-round-stunner.html
221,https://www.yamaha-motor-india.com/news-yamaha-unleashes-new-and-more-versatile-fz-series.html
222,https://www.yamaha-motor-india.com/news-yamaha-introduce-fzs-fi-vintage-edition.html
223,https://www.yamaha-motor-india.com/news-yamaha-introduce-cyw-campaign-mt15.html
224,https://www.yamaha-motor-india.com/news-news-yamaha-apparels-and-accessories-are-now-available-on-amazon.in.html
225,https://www.yamaha-motor-india.com/news-monster-energy-yamaha-team-mates-stick-together-in-season-finale-taking-p11-and-p12.html
226,https://www.yamaha-motor-india.com/news-yamaha-launches-bluetooth-connectivity-yamaha-motorcycle-connect.html
227,https://www.yamaha-motor-india.com/news-08-11-2020-vinales-salvages-13th-place-in-european-gp.html
228,https://www.yamaha-motor-india.com/news-yamaha-launches-online-sales-through-website-virtual-store.html
229,https://www.yamaha-motor-india.com/racing-yomr.html
230,https://www.yamaha-motor-india.com/news-25-10-2020-vinales-takes-7th-at-testing-teruel-gp-race.html
231,https://www.yamaha-motor-india.com/news-vinales-makes-stride-in-championship-standings-after-aragon-gp.html
232,https://www.yamaha-motor-india.com/news-dramatic-french-gp-ends-in-10th-place-for-vinales.html
233,https://www.yamaha-motor-india.com/news-monster-energy-yamaha-motogp-podium-hopes-dashed-at-catalan-gp.html
234,https://www.yamaha-motor-india.com/news-vinales-celebrates-superb-victory-at-drama-filled-emilia-romagna-gp.html
235,https://www.yamaha-motor-india.com/news-motogp-pickup-4th-and-6th-in-san-marino-match.html
236,https://www.yamaha-motor-india.com/news-yamaha-introduces-fz-25-fzs-25-in-bs-vi-prices.html
237,https://www.yamaha-motor-india.com/news-yamaha-introduces-the-streetfighter-fz-25-in-bs-vi.html
238,https://www.yamaha-motor-india.com/news-yamaha-fascino-enters-into-125cc-scooter-segment.html
239,https://www.yamaha-motor-india.com/news-yamaha-rayzr-enters-into-125cc-scooter-segment.html
240,https://www.yamaha-motor-india.com/news-Yamaha-introduces-the-new-mt15-in-bs6.html
241,https://www.yamaha-motor-india.com/news-yamaha-unveils-blue-square-to-delight-with-its-dna-of-excitement.html
242,https://www.yamaha-motor-india.com/news-yamaha-introduces-yzf-r15v3-in-bs6.html
243,https://www.yamaha-motor-india.com/news-yamaha-fz-fi-and-fzs-fi-bs-vi-variants-launched-in-india.html
244,https://www.yamaha-motor-india.com/news-yamaha-lifetime-quality-care.html
245,https://www.yamaha-motor-india.com/news-yamaha-thecalloftheblue-intensifies.html
246,https://www.yamaha-motor-india.com/news-yamaha-motor-achieves-ten-million-production-milestone.html
247,https://www.yamaha-motor-india.com/news-yamaha-r15-fzs-ranked-first-jd-power.html
248,https://www.yamaha-motor-india.com/news-yamaha-yzf-r15v3-wins-imark.html
249,https://www.yamaha-motor-india.com/news-yamaha-unleashes-the-dark-side-of-japan.html
250,https://www.yamaha-motor-india.com/news-yamaha-fascino-revs-up-excitement-with-darknight-edition.html
251,https://www.yamaha-motor-india.com/news-scooters-with-ubs.html
252,https://www.yamaha-motor-india.com/news-fzfi-fzsfi-with-abs.html
253,https://www.yamaha-motor-india.com/news-yzf-r15v3-dual-channel-abs.html
254,https://www.yamaha-motor-india.com/news-yamaha-introduces-ubs-with-new-saluto-and-salutorx.html
255,https://www.yamaha-motor-india.com/news-yamaha-organizes-ntgp-for-technicians-and-spareparts-manager.html
256,https://www.yamaha-motor-india.com/news-yamaha-calloftheblue-entices-delhi-in-excitement.html
257,https://www.yamaha-motor-india.com/news-yamaha-the-call-of-the-blue-bengaluru.html
258,https://www.yamaha-motor-india.com/news-yamaha-bengaluru-dealership.html
259,https://www.yamaha-motor-india.com/news-yamaha-the-call-of-the-blue-hyderabad.html
260,https://www.yamaha-motor-india.com/news-yamaha-donates-kerala.html
261,https://www.yamaha-motor-india.com/news-yamaha-kerala-dealership.html
262,https://www.yamaha-motor-india.com/news-yamaha-the-call-of-the-blue-kolkata.html
263,https://www.yamaha-motor-india.com/news-yamaha-the-call-of-the-blue-chennai.html
264,https://www.yamaha-motor-india.com/news-yamaha-kerala-vehicle-refresh.html
265,https://www.yamaha-motor-india.com/news-yamaha-launches-calloftheblue-as-a-new-image.html
266,https://www.yamaha-motor-india.com/news-yamaha-launched-street-rally-for-sporty-scooter-buyers.html
267,https://www.yamaha-motor-india.com/news-fashionistas-to-gear-up-for-yamaha-fascino-miss-diva-2018.html
268,https://www.yamaha-motor-india.com/news-yamaha-inaugurates-2-new-dealerships-in-west-bengal.html
269,https://www.yamaha-motor-india.com/news-yamaha-glamorises-its-fascino-range-with-new-color-models.html
270,https://www.yamaha-motor-india.com/news-new-colors-in-cygnus-rayzr-will-rev-the-trend-conscious-young-riders.html
271,https://www.yamaha-motor-india.com/news-india-yamaha-motor-unveils-its-9th-dealership-in-uttarakhand.html
272,https://www.yamaha-motor-india.com/news-india-yamaha-motor-further-expands-touch-points-in-maharashtra.html
273,https://www.yamaha-motor-india.com/news-yamaha-popular-yzf-r3-is-back-with-dual-channel-abs.html
274,https://www.yamaha-motor-india.com/news-yamaha-backbeats-in-r-dna-legacy-as-r15v3-debuts-in-india.html
275,https://www.yamaha-motor-india.com/news-yamaha-opens-its-first-scooter-boutique-in-kolkata.html
276,https://www.yamaha-motor-india.com/news-yamaha-motor-inaugurates-yamaha-training-school-in-vpmp.html
277,https://www.yamaha-motor-india.com/news-yamaha-introduces-all-new-fzs-fi-disc.html
278,https://www.yamaha-motor-india.com/news-yamaha-reiterates-the-importance-of-safety-first-with-zippy.html
279,https://www.yamaha-motor-india.com/news-yamaha-partners-with-swami-vivekananda-rural-community-college.html
280,https://www.yamaha-motor-india.com/news-yamaha-won-the-prestigious-cii-design-excellence-award-for-fz-25.html
281,https://www.yamaha-motor-india.com/news-yamaha-launches-its-all-new-model-yzf-r1-in-india.html
282,https://www.yamaha-motor-india.com/news-yamaha-widens-technical-skills-in-8th-edition-national-technician-grand-prix.html
283,https://www.yamaha-motor-india.com/news-yamaha-introduces-multi-performance-neo-roadstermt-09-india.html
284,https://www.yamaha-motor-india.com/news-yamaha-strengthens-dealer-network-gujarat-with-new-dealership-launched-in-surat.html
285,https://www.yamaha-motor-india.com/news-yamaha-partners-with-government-polytechnic-kolhapur-skill-development-placement-relatively-indigent-youngsters.html
286,https://www.yamaha-motor-india.com/news-yamaha-strengthens-dealer-network-indore-madhya-pradesh.html
287,https://www.yamaha-motor-india.com/news-yamaha-partners-konghu-velalar-polytechnic-college-erode-skill-development-placement-relatively-indigent-youngsters.html
288,https://www.yamaha-motor-india.com/news-india-yamaha-motor-inaugurates-yamaha-training-school-hiet-group-institutes-kangra.html
289,https://www.yamaha-motor-india.com/news-final-round-yamaha-yzf-r15-one-make-race-championship-2017-rounds-off-style-much-fervor-excitement.html
290,https://www.yamaha-motor-india.com/news-yamaha-kick-startsyzf-r15-one-make-race-championship-madras-motor-race-track-chennai.html
291,https://www.yamaha-motor-india.com/news-yamaha-third-scooter-boutique-launched-india-jamshedpur.html
292,https://www.yamaha-motor-india.com/news-yamaha-second-scooter-boutique-launched-in-india-at-visakhapatnam.html
293,https://www.yamaha-motor-india.com/news-yamaha-partners-vpmp-polytechnic-gandhinagar-skill-development-placement-relatively-indigent-youngsters.html
294,https://www.yamaha-motor-india.com/news-yamaha-reports-4-percent-domestic-sales-growth-august-2017.html
295,https://www.yamaha-motor-india.com/news-yamaha-launched-touring-friendly-fazer25-in-india.html
296,https://www.yamaha-motor-india.com/news-india-yamaha-motor-inaugurates-yamaha-training-school-government-polytechnic-pune.html
297,https://www.yamaha-motor-india.com/news-yamahas-first-ever-scooter-boutique-launched-in-india-at-chennai.html
298,https://www.yamaha-motor-india.com/news-yamaha-strengthens-dealer-network-kerala-with-new-dealership-launched-podikundu-kannur.html
299,https://www.yamaha-motor-india.com/news-yamaha-reports-11-percent-domestic-sales-growth-may-2017.html
300,https://www.yamaha-motor-india.com/news-india-yamaha-motor-inaugurates-yamaha-training-school-don-bosco-private-industrial-training-institute-kokar-ranchi-jharkhand.html
301,https://www.yamaha-motor-india.com/news-india-yamaha-motor-inaugurates-yamaha-training-school-al-kabir-polytechnic-jamshedpur-jharkhand.html
302,https://www.yamaha-motor-india.com/news-yamaha-hit-500th-gp-racing-victory-milestone.html
303,https://www.yamaha-motor-india.com/news-yamaha-strengthens-the-dealer-network-karnataka-new-dealership-launched-mysuru.html
304,https://www.yamaha-motor-india.com/news-india-yamaha-motor-reports-8-percent-domestic-sales-growth-april-2017.html
305,https://www.yamaha-motor-india.com/news-yamaha-swag-bash-kochi-2017-concluded-with-electrifying-performances-of-music-fmx.html
306,https://www.yamaha-motor-india.com/news-yamaha-swag-bash-2017-concluded-with-electrifying-performances-of-music-and-fmx.html
307,https://www.yamaha-motor-india.com/news-india-yamaha-motor-inaugurates-yamaha-training-school-st-soldier-group-institutions-jalandhar-punjab.html
308,https://www.yamaha-motor-india.com/news-india-yamaha-motor-registers-27-percent-domestic-sales-growth-march-2017.html
309,https://www.yamaha-motor-india.com/news-india-yamaha-motor-introduces-bs-iv-fleet-of-its-scooters-and-motorcycles.html
310,https://www.yamaha-motor-india.com/news-yamaha-strengthens-dealer-network-jharkhand-with-new-dealership-launched-dhanbad.html
311,https://www.yamaha-motor-india.com/news-yzf-r3-and-cygnus-ray-zr-from-yamaha-wins-the-prestigious-india-design-mark.html
312,https://www.yamaha-motor-india.com/news-yamahas-swag-bash-2017-concluded-electrifying-performances-music-fmx.html
313,https://www.yamaha-motor-india.com/news-india-yamaha-motor-registers-20-percent-domestic-sales-growth-february-2017.html
314,https://www.yamaha-motor-india.com/news-yamaha-all-new-powerful-fz25-debuts-in-india.html
315,https://www.yamaha-motor-india.com/news-yamaha-celebrates-zippy-third-birthday-delhi-public-school-greater-noida.html
316,https://www.yamaha-motor-india.com/news-yamaha-records-phenomenal-growth-annual-sales-increased-32-percent-including-nepal-2016.html
317,https://www.yamaha-motor-india.com/news-yamaha-inaugurates-new-dealership-howrah-west-bengal.html
318,https://www.yamaha-motor-india.com/news-india-yamaha-motor-organizes-seventh-edition-national-technician-grand-prix-2016.html
319,https://www.yamaha-motor-india.com/news-india-yamaha-motor-registers-20-percent-domestic-sales-growth-november-2016.html
320,https://www.yamaha-motor-india.com/news-india-yamaha-motor-inaugurates-yamaha-training-school-sharon-college-salem-tamil-nadu.html
321,https://www.yamaha-motor-india.com/news-yamaha-partners-withhiet-group-institutes-kangra-skill-development-placement-relatively-indigent-youngsters.html
322,https://www.yamaha-motor-india.com/news-yamaha-partners-with-abhay-memorial-trust-group-institutions-allahabad-skill-development-placement-relatively-indigent-youngsters.html
323,https://www.yamaha-motor-india.com/news-yamaha-strengthens-dealer-network-karnataka-with-two-new-dealerships-launched-bengaluru.html
324,https://www.yamaha-motor-india.com/news-india-yamaha-motor-crosses-100000-sales-figure-second-time-registers-22-percent-domestic-sales-growth-october-2016.html
325,https://www.yamaha-motor-india.com/news-yamaha-partners-with-al-kabir-polytechnic-skill-development-placement-relatively-indigent-youngsters.html
326,https://www.yamaha-motor-india.com/news-yamaha-partners-with-don-bosco-skill-development-placement-relatively-indigent-youngsters.html
327,https://www.yamaha-motor-india.com/news-india-yamaha-motor-creates-history-winning-yamaha-world-technician-grand-prix-2016-title-second-time-in-row.html
328,https://www.yamaha-motor-india.com/news-yamaha-inaugurates-new-dealership-balasore-odisha.html
329,https://www.yamaha-motor-india.com/news-india-yamaha-motor-inaugurates-yamaha-training-school-surat.html
330,https://www.yamaha-motor-india.com/news-yamaha-inaugurates-new-dealership-udhiana-punjab.html
331,https://www.yamaha-motor-india.com/news-yamaha-kick-starts-fyz-r15-one-make-race-championship-madras-motor-race-track-chennai.html
332,https://www.yamaha-motor-india.com/news-india-yamaha-motor-crosses-one-lakh-mark-september-2016.html
333,https://www.yamaha-motor-india.com/news-india-yamaha-motor-inaugurates-yamaha-training-school-sharon-community-college-salem-tamil-nadu.html
334,https://www.yamaha-motor-india.com/news-yamaha-introduces-new-matt-green-colour-saluto.html
335,https://www.yamaha-motor-india.com/news-india-yamaha-motor-registers-22-percent-domestic-sales-growth-august-2016.html
336,https://www.yamaha-motor-india.com/news-india-yamaha-motor-registers-31-percent-domestic-sales-growth-june-2016.html
337,https://www.yamaha-motor-india.com/news-yamaha-introduces-cygnus-alpha-scooter-disc-brake.html
338,https://www.yamaha-motor-india.com/news-india-yamaha-motor-domestic-sales-growth-36percent-may-2016.html
339,https://www.yamaha-motor-india.com/news-india-yamaha-motor-registers-66percentage-domestic-sales-growth-april-2016.html
340,https://www.yamaha-motor-india.com/news-yamahas-next-generation-real-boys-scooter-cygnus-ray-zr-unveiled-during-auto-expo-2016-is-here.html
341,https://www.yamaha-motor-india.com/news-india-yamaha-motor-takes-110cc-segment-by-storm-with-launch-of-affordable-smart-street-bike-saluto-rx.html
342,https://www.yamaha-motor-india.com/news-yamaha-revealed-domestic-growth-rate-44percent-march-2016.html
343,https://www.yamaha-motor-india.com/news-yamaha-fascino-saluto-receives-india-design-mark.html
344,https://www.yamaha-motor-india.com/news-yamaha-domestic-sales-growth-50-percent-february-2016.html
345,https://www.yamaha-motor-india.com/news-yamaha-launches-roadster-motard-yamaha-mt-09-at-13th-auto-expo.html
346,https://www.yamaha-motor-india.com/news-yamaha-unveils-new-scooter-cygnus-ray-zr-13th-auto-expo.html
347,https://www.yamaha-motor-india.com/news-yamaha-organizes-sixth-edition-national-technician-grand-prix-2015.html
348,https://www.yamaha-motor-india.com/news-yamaha-hosts-three-times-world-motogp-champion-jorge-lorenzo.html
349,https://www.yamaha-motor-india.com/news-india-yamaha-motor-crossed-70000-units-october-2015-registering-29-percent-sales-growth.html
350,https://www.yamaha-motor-india.com/news-yamaha-training-school-certified-by-ncvt-government-of-india.html
351,https://www.yamaha-motor-india.com/news-yamaha-reports-13percent-domestic-sales-growth-september-2015.html
352,https://www.yamaha-motor-india.com/news-yamaha-introduces-new-color-fzs-fazer-fuel-injector-version.html
353,https://www.yamaha-motor-india.com/news-all-new-single-seat-yzfr15s-variant-revealed.html
354,https://www.yamaha-motor-india.com/news-india-yamaha-motor-domestic-sales-growth-august-2015.html
355,https://www.yamaha-motor-india.com/news-yamaha-awaited-yzf-r3-sports-model-hits-indian-roads.html
356,https://www.yamaha-motor-india.com/news-yamaha-brings-new-saluto-with-disk-brake-in-new-colors.html
357,https://www.yamaha-motor-india.com/news-yamaha-strengthens-scooter-lineup-with-fascino.html
358,https://www.yamaha-motor-india.com/news-yamaha-launches-economical-and-practical-125cc-saluto.html
359,https://www.yamaha-motor-india.com/news-yamaha-motor-india-sales-introduces-all-new-alpha-ray-rayz-scooters-with-blue-core-technology.html
360,https://www.yamaha-motor-india.com/news-yamaha-motor-india-sales-flagship-r15-version-2-gets-new-colors.html
361,https://www.yamaha-motor-india.com/news-company-upbeat-about-2015-with-exciting-consumer-connect-initiatives.html
362,https://www.yamaha-motor-india.com/news-pvt-ltd-achieves-almost-double-growth-in-domestic-sales.html
363,https://www.yamaha-motor-india.com/news-indonesia-emerges-winner-at-the-yamaha-11th-asean-cup-race-2014.html
364,https://www.yamaha-motor-india.com/news-11th-asean-cup-race.html
365,https://www.yamaha-motor-india.com/news-yamaha-sales-continues-upward-trend-in-october-2014.html
366,https://www.yamaha-motor-india.com/news-mission-10000km.html
367,https://www.yamaha-motor-india.com/news-indias-meenakshi-sundaram-subramanian-wins-world-technician-grand-prix-2014-title.html
368,https://www.yamaha-motor-india.com/news-yamaha-introduces-advanced-fazer-fi-version-2.0-with-blue-core.html
369,https://www.yamaha-motor-india.com/news-yamaha-sales-growth-in-august-2014.html
370,https://www.yamaha-motor-india.com/news-yamaha-sales-growth-in-july-2014.html
371,https://www.yamaha-motor-india.com/news-presents-fz-version-2-and-fz-s-version-2.html
372,https://www.yamaha-motor-india.com/news-yamaha-sales-growth-records-40-percent-in-may-2014.html
373,https://www.yamaha-motor-india.com/news-ray-z-wins-prestigious-india-design-mark-award-2014.html
374,https://www.yamaha-motor-india.com/news-yamaha-sales-growth-in-april-2014.html
375,https://www.yamaha-motor-india.com/news-yamaha-sales-growth-in-march-2014.html
376,https://www.yamaha-motor-india.com/news-yamaha-bring-new-color-variant-to-its-flagship-sports-motorcycle-r15-version-2.html
377,https://www.yamaha-motor-india.com/news-betting-high-on-the-indian-scooter-market-launches-alpha-with-zippy.html
378,https://www.yamaha-motor-india.com/news-motor-india-to-continue-with-john-abraham-as-its-brand-endorser.html
379,https://www.yamaha-motor-india.com/news-motor-india-unveils-its-mascot-and-launches-first-children-safety-program.html
380,https://www.yamaha-motor-india.com/news-yzf-r15-holds-the-two-wheeler-of-year-2009.html
381,https://www.yamaha-motor-india.com/news-yzf-r15-awarded-2009.html
382,https://www.yamaha-motor-india.com/news-yamaha-chennai-auto-show-2009.html
383,https://www.yamaha-motor-india.com/news-grand-finale-result-r15-racing.html
384,https://www.yamaha-motor-india.com/news-season-third-yzf-r15-championship.html
385,https://www.yamaha-motor-india.com/news-yzf-r15-championship-2nd-round-result.html
386,https://www.yamaha-motor-india.com/news-torques-ahead-with-fz16.html
387,https://www.yamaha-motor-india.com/news-yamaha-introduce-trendy-g5-with-electric-start.html
388,https://www.yamaha-motor-india.com/news-yamaha-introduces-alba-with-electric-start.html
389,https://www.yamaha-motor-india.com/news-yamaha-introduce-forged-piston.html
390,https://www.yamaha-motor-india.com/news-yamaha-challengers-ready-2008-racing.html
391,https://www.yamaha-motor-india.com/news-to-introduce-diasil.html
392,https://www.yamaha-motor-india.com/news-yamaha-and-mitsui-enter-joint-venture.html
393,https://www.yamaha-motor-india.com/news-race-bred-yamaha-technology-revs-up-into-sports-biking.html
394,https://www.yamaha-motor-india.com/yamaha-bluesquare-dealers.html
395,https://www.yamaha-motor-india.com/yamaha-testride-dealers.html
396,https://www.yamaha-motor-india.com/consumable-parts-airfilter.html
397,https://www.yamaha-motor-india.com/consumable-parts-wheelbearing.html
398,https://www.yamaha-motor-india.com/consumable-parts-brakepad-brakeshoes.html
399,https://www.yamaha-motor-india.com/consumable-parts-cdiunit.html
400,https://www.yamaha-motor-india.com/consumable-parts-cluchplates.html
401,https://www.yamaha-motor-india.com/consumable-parts-cablethrottle.html
402,https://www.yamaha-motor-india.com/consumable-parts-drivechain.html
403,https://www.yamaha-motor-india.com/consumable-parts-oilfilter.html
404,https://www.yamaha-motor-india.com/consumable-parts-gasketcrankcase.html
405,https://www.yamaha-motor-india.com/consumable-parts-mirrior.html
406,https://www.yamaha-motor-india.com/consumable-parts-sparkplug.html
407,https://www.yamaha-motor-india.com/consumable-parts-cylinderpiston.html
408,https://www.yamaha-motor-india.com/consumable-parts-vbelt.html
409,https://www.yamaha-motor-india.com/parts-yamalube-anaerobic.html
410,https://www.yamaha-motor-india.com/parts-yamalube-fluid.html
411,https://www.yamaha-motor-india.com/parts-yamalube-frontforkoil.html
412,https://www.yamaha-motor-india.com/parts-yamalube-cleaner.html
413,https://www.yamaha-motor-india.com/parts-yamalube-rustinhibitor.html
414,https://www.yamaha-motor-india.com/parts-yamalube-gasket.html
415,https://www.yamaha-motor-india.com/parts-yamalube-yamahachainclean.html
416,https://www.yamaha-motor-india.com/parts-yamalube-chainclean.html
417,https://www.yamaha-motor-india.com/parts-yamalube-yamahachainlube.html
418,https://www.yamaha-motor-india.com/parts-yamalube-chainlube.html
419,https://www.yamaha-motor-india.com/parts-yamalube-engineoil.html
420,https://www.yamaha-motor-india.com/parts-yamalube-gearoil.html
421,https://www.yamaha-motor-india.com/parts-yamalube-lithium.html
422,https://www.yamaha-motor-india.com/parts-yamalube-molybdenum.html
423,https://www.yamaha-motor-india.com/parts-yamalube-optimaprime.html
424,https://www.yamaha-motor-india.com/parts-yamalube-polish.html
425,https://www.yamaha-motor-india.com/parts-yamalube-silicon.html
426,https://www.yamaha-motor-india.com/parts-yamalube-sportypremium.html
427,https://www.yamaha-motor-india.com/parts-yamalube-carburetor.html
428,https://www.yamaha-motor-india.com/parts-yamalube-optima.html
429,https://www.yamaha-motor-india.com/parts-yamalube-optimascooter.html
430,https://www.yamaha-motor-india.com/parts-yamalube-optimascooter-900.html
431,https://www.yamaha-motor-india.com/parts-yamalube-shampoo.html
432,https://www.yamaha-motor-india.com/parts-yamalube-coolant.html
433,https://www.yamaha-motor-india.com/parts-yamalube-slmineral.html
434,https://www.yamaha-motor-india.com/parts-yamalube-sportypremium800.html
435,https://www.yamaha-motor-india.com/parts-yamalube-rs4gp.html
436,https://www.yamaha-motor-india.com/parts-yamalube-scootergearoil.html
437,https://www.yamaha-motor-india.com/parts-yamalube-peacarboncleaner.html
438,https://www.yamaha-motor-india.com/parts-helmet-yrb.html
439,https://www.yamaha-motor-india.com/parts-helmet-avion.html
440,https://www.yamaha-motor-india.com/parts-helmet-yr2.html
441,https://www.yamaha-motor-india.com/parts-helmet-yr3.html
442,https://www.yamaha-motor-india.com/parts-helmet-yr8.html
443,https://www.yamaha-motor-india.com/parts-helmet-yr1.html
444,https://www.yamaha-motor-india.com/parts-helmet-yr4.html
445,https://www.yamaha-motor-india.com/parts-helmet-yr6.html
446,https://shop.yamaha-motor-india.com/products/helmet-yr6
447,https://www.yamaha-motor-india.com/parts-helmet-genex.html
448,https://shop.yamaha-motor-india.com/products/helmet-genex
449,https://www.yamaha-motor-india.com/parts-helmet-yr7.html
450,https://shop.yamaha-motor-india.com/products/helmet-yr7
451,https://www.yamaha-motor-india.com/parts-helmet-yrf.html
452,https://shop.yamaha-motor-india.com/products/helmet-yrf
453,https://shop.yamaha-motor-india.com/products/yzf-r15-ver-3-0-seat-cover-with-red-stitch
454,https://www.yamaha-motor-india.com/yamaha-childrensafetyprogram.html
455,https://shop.yamaha-motor-india.com/collections/all
456,https://shop.yamaha-motor-india.com/pages/tnc_offer_38_delhi
457,https://shop.yamaha-motor-india.com/products/buy-r15v4-clutch-brake-lever
458,https://shop.yamaha-motor-india.com/products/frame-slider
459,https://shop.yamaha-motor-india.com/products/buy-r15v4-led-flasher
460,https://shop.yamaha-motor-india.com/products/buy-r15v4-mobile-charger
461,https://shop.yamaha-motor-india.com/products/seat-cover
462,https://shop.yamaha-motor-india.com/products/skid-plate
463,https://shop.yamaha-motor-india.com/products/buy-r15v4-tank-pad
464,https://shop.yamaha-motor-india.com/collections/r15v4-r15vm-accessories
465,https://shop.yamaha-motor-india.com/collections/r15v4-r15vm-accessories/products/buy-r15v4-led-flasher
466,https://shop.yamaha-motor-india.com/products/black-riding-jacket
467,https://shop.yamaha-motor-india.com/products/blue-riding-jacket
468,https://shop.yamaha-motor-india.com/products/mt-black-biking-jacket-1
469,https://shop.yamaha-motor-india.com/products/lever-guard
470,https://www.yamaha-motor-india.com/product-enquiry.html?product=R15M
471,https://www.yamaha-motor-india.com/product-enquiry.html?product=R15M-60th-WorldGP-Edition
472,https://www.yamaha-motor-india.com/product-enquiry.html?product=R15-V4
473,https://shop.yamaha-motor-india.com/products/fz-v3-sub-wire-lead
474,https://shop.yamaha-motor-india.com/products/yamaha-mt-t-shirt
475,https://shop.yamaha-motor-india.com/products/yamaha-racing-t-shirt
476,https://www.yamaha-motor-india.com/product-enquiry.html?product=MotoGP-Edition
477,https://shop.yamaha-motor-india.com/products/yamaha-cap
478,https://shop.yamaha-motor-india.com/collections/yzf-r15-accessories
479,https://shop.yamaha-motor-india.com/collections/yzf-r15-accessories/products/led-flasher
480,https://shop.yamaha-motor-india.com/collections/yzf-r15-accessories/products/mobile-holder
481,https://shop.yamaha-motor-india.com/collections/yzf-r15-accessories/products/fz-v3-sub-wire-lead
482,https://shop.yamaha-motor-india.com/collections/yzf-r15-accessories/products/usb-charger-all-sports
483,https://www.yamaha-motor-india.com/product-enquiry.html?product=R15S
484,https://www.yamaha-motor-india.com/product-enquiry.html?product=MT-15-Ver-2.0
485,https://www.yamaha-motor-india.com/product-enquiry.html?product=FZS-25
486,https://www.yamaha-motor-india.com/product-enquiry.html?product=FZ-25
487,https://www.yamaha-motor-india.com/product-enquiry.html?product=FZ-X
488,https://www.yamaha-motor-india.com/yamaha-fzs-fi-yamaha-motorcycle-connectx-privacy-policy.html
489,https://www.yamaha-motor-india.com/yamaha-fzs-fi-yamaha-motorcycle-connectx-terms-of-use.html
490,https://www.yamaha-motor-india.com/product-enquiry.html?product=FZ-S-FI
491,https://www.yamaha-motor-india.com/product-enquiry.html?product=FZ-FI-New
492,https://www.yamaha-motor-india.com/product-enquiry.html?product=Aerox-155
493,https://www.yamaha-motor-india.com/product-enquiry.html?product=RayZR-Street-Rally-125-Fi-Hybrid
494,https://www.yamaha-motor-india.com/product-enquiry.html?product=RAYZR-125-FI-Hybrid
495,https://www.yamaha-motor-india.com/product-enquiry.html?product=Fascino-125-FI-Hybrid
